id,name,age,city,postal_code,street
1,Frank Glass,66,Lake Loganport,34994,267 Hendrix Centers
2,Marcus Fernandez,17,Lopezville,96114,22875 Johnson Camp Apt. 927
3,Mr. Jonathan Miller,80,Browntown,28790,33044 Cole Dale Suite 793
4,Justin Smith,58,North Kristinside,13541,48677 Woods Manors Suite 692
5,Laura Garrison,40,Brianshire,05972,0090 Kevin River Suite 980
6,Christopher Cox,74,East Kathleenland,70360,1751 Penny Curve
7,Jessica White,38,East Danielfurt,24708,532 Amanda Summit
8,Christopher Wallace,29,Port Christina,49690,52286 Angie Springs Apt. 383
9,Theodore Rivera,26,New Taylor,64186,83472 Massey Cliffs
10,David Campbell,59,Kleinmouth,89385,6823 Lance Burgs Suite 840
11,Kathryn Williams,22,West Madisonburgh,77700,188 Carl Land
12,Kayla Peterson,37,Ericburgh,43932,3468 Barnes Trafficway
13,Francisco Hernandez,23,Danabury,67648,22267 Kim Mountain Apt. 127
14,Jesse Rojas,75,Port Gabriellemouth,10421,26070 Arnold View Apt. 436
15,Luis Johnson,50,West Rossborough,00547,366 Meadows Radial
16,Melissa Owens,14,West Courtneyshire,94224,177 Matthew Village
17,Miss Susan Park,56,South Markberg,01495,5233 Gregory Coves
18,Jared Boyer,68,West Markstad,09928,48169 Townsend Burg
19,Henry Compton,44,West Carmen,21601,8525 Scott Dam Apt. 591
20,Brandon Murphy,67,Brandistad,63468,68265 Amanda Circle Apt. 360
21,Vincent Frazier,24,North Micheal,69553,24178 Michael Forge Suite 913
22,Jose Meyer,78,Mosleyport,93346,522 Victoria Corner
23,Alexander Ray,72,Kelseyborough,28113,621 Johnson Courts
24,Mary Lewis,19,Jesseside,04277,08898 Melissa Club
25,Paige Reed,76,South Elizabeth,57092,7810 Kemp River Apt. 223
26,Thomas Sanders,15,East Matthewview,29849,5973 Meghan Lake Suite 877
27,Alicia Stanley,78,West Carlachester,32362,972 Timothy Ford
28,Craig Gardner,33,Lake Lauraview,87014,1373 Brown Causeway
29,Donald Hogan,65,Port Jamesmouth,78149,163 Mary Mills Apt. 737
30,Terry Boyer,32,Port Rachel,74525,441 Claudia Street Suite 997
31,Kristine Molina,63,North Veronica,93831,37918 Cassandra Island Apt. 984
32,Cesar Lopez,77,Delacruzside,58977,468 Jennifer Ports Apt. 181
33,Kelly Smith,25,Castroton,91320,141 Dana Wall Apt. 981
34,Evan Swanson,42,Port Taraborough,64102,1127 Kelsey Harbors Apt. 172
35,Jennifer West,21,New Gregoryhaven,09731,925 Jason Glen Apt. 018
36,Anthony White,73,Martinezfurt,37574,7787 Peterson Branch
37,Stephen Acevedo,17,Beasleyville,22195,967 Breanna Plain
38,Doris Jones,26,South Scott,01933,11634 Lisa Lodge Suite 355
39,Jordan Riggs,25,Jessicaside,37220,44505 Emily Summit Suite 681
40,Bryan Mcdonald,22,East Philip,26509,7494 Glenn Fort
41,Julie Williams,58,Kimton,11305,321 Susan Views
42,Patrick Ward,60,New Teresa,98441,15060 Ho Course
43,Heidi Huff,52,Lake Mariabury,80117,86206 Morales Brook
44,Amanda Lin,51,Donnahaven,34878,001 Steven Underpass Suite 810
45,Ernest Ward,63,Brianmouth,09170,36024 Christina Brooks
46,Michael Stevens,77,Karenhaven,23831,5187 Holly Mill Apt. 936
47,Timothy Brown,78,Toddchester,46733,618 Jennifer Causeway
48,Holly Hall,43,Mcdonaldtown,85614,70548 Lewis Islands
49,Roy Day,37,South Adamville,86176,6999 Nguyen Corners Suite 537
50,Michelle Peterson,31,West Eric,29387,674 Michael Shoal
51,Kevin Shelton,40,Olsonhaven,01423,387 Eric Parkways
52,Alicia Perry,28,East Juliaview,50194,3497 Julie Road Suite 000
53,Brenda Mejia,43,Nortonberg,53274,728 John Lock Apt. 792
54,Michael Rosario,69,Williamland,40742,0585 Jessica Forges Suite 416
55,Matthew Riley,28,Juanshire,24576,2401 Clark Vista Suite 006
56,Michael Wiley,41,Piercemouth,01007,21032 Edwards Walk Suite 653
57,Pamela Mayer,53,Byrdfurt,23609,81134 Bradley Turnpike
58,Derek Mcdonald,52,Carsontown,85536,664 Laura Fords Apt. 112
59,Scott Miller,47,North Justinville,16916,56592 Webb Heights
60,Mary Sullivan,56,Lake Jessicaborough,64236,63642 Mason Rapid
61,Timothy Parker,44,New Christopherchester,57063,449 Joel Extensions Apt. 764
62,Michael Lee,69,Martinport,35788,451 Ramirez Estate Apt. 932
63,Michael Odom,66,Brucebury,16541,61490 Wilson Turnpike Apt. 296
64,Stephen Allen,23,Kimberlyton,99691,659 Peter Via Suite 624
65,Gina Hawkins,25,Andersonberg,01818,4904 Fry Tunnel Apt. 598
66,Janet Campbell,50,South Mark,30505,3737 Michael Viaduct Apt. 298
67,Stephanie Mcbride,76,Johnburgh,16645,950 Burch Pine Apt. 088
68,Ryan Wheeler,79,Nicholasmouth,24625,439 Barber Inlet Suite 218
69,Michael Howard,20,Heatherburgh,94960,2470 Stevens Branch Suite 818
70,Gregory Wolf,34,East James,80675,56559 Huff Crescent Apt. 996
71,Renee Myers,52,Johnsonchester,83089,0068 Thompson Mount Apt. 613
72,Rachael Moore,45,North Julie,83994,515 Johnathan Isle
73,Ryan Carpenter,73,West Williamshire,41372,1086 Roberson Mall Suite 399
74,Daniel Gonzales,46,Jasonstad,67767,4601 Sheila Neck Apt. 791
75,Lauren Smith,24,Lake Gary,88922,2978 Cortez Divide
76,Cory Mcbride,58,North Rebeccachester,51306,9246 Cohen Pine Apt. 731
77,Shane Mcintyre,17,Jillfurt,53689,0914 Wilson Wells
78,Amber Thompson,43,Dyerfort,42522,50148 Jill Land
79,Brian Murphy,27,Rachelland,72746,984 Ronald Rue
80,Kevin Cole,57,Emilyport,38574,2875 Patrick Crest Suite 730
81,Michael Kelly,22,Cordovaborough,95955,8284 Julie Springs
82,Curtis Torres,35,Davidview,54561,9590 Ernest Ranch Apt. 081
83,Mr. Jonathan Mills DDS,41,East Willie,41261,555 Lindsey Crest
84,Yolanda Stewart,58,North Alexis,97692,8575 Mccormick Fort Apt. 484
85,John Marshall,56,Donaldview,81122,87033 Snow Forest Suite 626
86,Katie Miller,53,Rodriguezberg,63092,8758 Max Junction Apt. 141
87,Maria Brown,29,Hestershire,26380,269 Maurice Loaf
88,Anna Bass,52,Ruizmouth,52885,90990 Evans Lock Suite 124
89,Michelle Lawson,71,Odonnellfort,78187,3984 Wilson Garden
90,Ryan Rivera,16,Port Craigshire,23680,43347 Holly Passage Suite 232
91,Scott Delgado,67,West Matthew,64262,4630 Sandy Rest Apt. 341
92,Kimberly Peck,57,Phillipsport,60355,267 Tanya Isle Suite 921
93,Cindy Meyer,27,Shawnton,58527,610 Morgan Village
94,Danny Moreno,51,Silvatown,00986,190 Brandon Squares Suite 278
95,Lauren Ward,60,Port Kimberlyville,84961,454 Rodriguez View
96,Shawn Schroeder,22,New Michelemouth,29104,2512 Jackson Walks
97,Carrie Stewart,21,Stephanieville,02957,20607 Mills Court
98,Erica Tran,18,Gilbertshire,22153,17422 Morrison Track Apt. 872
99,Stephanie Gomez,24,Popebury,72416,3002 Jones Parkways Apt. 463
100,Beth Glass,76,West Robertton,91182,234 Gina Course
101,Patricia Lopez,48,North Mitchellville,80861,63056 Gabrielle Prairie Apt. 333
102,Molly Bryant,77,Beasleyburgh,89381,40865 Yang Isle
103,Jenna Cook,66,Hufffurt,66891,07750 Scott Track Suite 525
104,Kelly Warren,36,Nathanchester,36122,407 Melissa Hollow
105,James Gilbert,21,Port Jenniferfurt,61923,676 Elizabeth Dale Apt. 903
106,Raymond Johnson,30,West Megan,54258,34985 Knight Keys Suite 122
107,Bobby Chandler,68,Lake Danielle,46951,101 Riddle Field
108,Jeffrey Howard,38,Lake Danielle,38789,98596 Sharon Haven Apt. 942
109,Brian Roberts,15,West Jason,63714,61715 Chelsea Orchard Suite 462
110,Elizabeth Gomez,53,East Louisville,65732,6490 Megan Passage Suite 610
111,Desiree Morales,26,West Kevinside,08772,0380 Flores Point Apt. 738
112,Sylvia Robles,27,Kentchester,31809,00137 Rice Overpass Apt. 066
113,Kelly Mccarty,64,West Sandra,61797,8698 Jose Brooks
114,Heather Martin,72,Edwardmouth,03398,79464 Renee Harbors Suite 150
115,Christian Francis,66,North Matthewmouth,94055,89643 Harris Branch Apt. 817
116,Leslie Stokes,19,East Elizabethmouth,34364,384 Lee Square Suite 967
117,Holly Smith,21,Lake Josephtown,50844,7780 Meyer Oval
118,Amy Wall,75,Lake Frances,00690,761 Ingram Stream Apt. 434
119,Jordan Perry,75,Thomasfurt,33306,6263 Veronica Crescent Suite 952
120,Christopher Hernandez,66,South Joel,41053,7080 Gail Plains Apt. 660
121,Linda Yates,56,Port John,81970,69150 Freeman Burg
122,Amanda Payne,43,North Randy,67056,5696 Gross Route
123,Brooke Rogers,63,Lake Caitlin,42657,53986 Ross Rue
124,Nathan Ortiz,39,Shepardmouth,68687,480 Maria Roads
125,Rachel Griffith,55,North Jimmy,55426,9536 Roy Cove
126,Connor Ruiz,51,Lake Michaelmouth,61249,635 Joe Glen
127,Debra Murray,27,Lake Hannah,93382,446 Perez Field Apt. 073
128,Keith Lara,21,Rosaleston,75409,996 Bell Locks Apt. 248
129,Nichole Golden,34,Everettton,83698,9684 Zachary Roads Apt. 409
130,Michael Mendez,21,Smithmouth,03348,6176 Roach Isle Suite 465
131,Chad Jones,56,East Benjamin,82490,47544 Fields Inlet Apt. 412
132,Briana Ferguson,20,Scottton,96885,873 Amy Inlet Apt. 568
133,Erica Garcia,74,Ryanport,30278,006 Kiara Flat Suite 169
134,Ann Pope,64,Jessicaview,11306,48191 Hendricks Lodge
135,Robert Patterson,53,Waltonport,95418,54609 Gay Glen Apt. 461
136,Kelli Sharp,17,Franklinborough,95841,267 Harris Viaduct Apt. 609
137,Mark Perez,46,Castilloborough,85201,91098 Karen Field
138,Troy Cook,33,East Jessicafort,29726,88295 Jason Loaf
139,Jacob Herman,20,Harmonport,62331,1365 Monique Avenue Suite 259
140,Derrick Bell,36,Garyshire,68160,7041 Walters Fork Apt. 892
141,Paul Johnson,62,Jacksonfurt,55914,737 Debra Cove Suite 802
142,Crystal Hale,33,Lopezborough,99946,8474 Ryan Shores
143,Mr. Brian Leach III,56,Shawnchester,27236,642 Barker Green
144,Susan Johnson,36,Lake Nicole,84485,73284 Ernest Village
145,Elizabeth Alexander,75,Annetown,16114,7450 Stevens Mountain
146,Christy Osborne,58,Michaelside,89710,36131 Allen Corners Suite 929
147,Jocelyn Riggs,31,East Tyler,99752,18840 Cobb Mission
148,Melanie Colon DVM,51,New Heather,25886,603 Emily Lodge
149,Claire Stevens,14,East Zacharyfort,78155,4228 Barrett Rest Suite 698
150,Laurie Gonzalez,74,Youngtown,65391,99775 Carlos Roads Apt. 613
151,Daniel Bishop,25,Colestad,55811,2491 Holly Parkway Suite 973
152,Daniel Benson,43,Annachester,28917,8485 Rebecca Loop
153,Jacob Hoover,30,Frankhaven,27084,263 Palmer Fort
154,Tina Welch,35,Hayesmouth,09489,068 Amber Brook
155,Monique Daugherty,33,Shaneshire,50659,954 Kyle Hollow Suite 383
156,Denise Small,29,South Randy,36271,6661 Matthew Mills Apt. 954
157,James Craig,25,Andrewville,37934,322 Mathews Squares Apt. 983
158,Gregory Riley,49,Susanmouth,83412,36399 Kennedy Islands Apt. 468
159,Katherine Jordan,77,West Crystalside,82276,22755 Jennifer Via Apt. 200
160,Jason Morales,63,Austinport,88487,938 Martinez Creek Suite 914
161,Joshua Peterson,68,Thomaston,57164,560 Jacob Parks
162,Angela Henry,75,Jacobport,88659,0951 Ramsey Extensions
163,Nicholas Sloan,27,Michaelfort,73770,4475 Mcpherson Roads Suite 215
164,Shannon Williams,62,Shirleyton,72607,6650 Kelly Walks Apt. 205
165,Joseph Adams,36,Pricefurt,26801,927 Anna Fords
166,David Washington,20,New Mary,27214,4124 Coleman Village Apt. 210
167,Kevin Jackson,29,Youngland,03325,7330 John Cove Suite 792
168,Michelle Walls,16,South Samantha,02362,1926 Jenkins Pines
169,Emma Pacheco,45,Hahnshire,78988,013 Madden Brook
170,Catherine Woodard,44,South Alexandrafurt,65543,357 Patel Points Apt. 416
171,Cody Price,48,North Matthew,98771,273 Cervantes Lodge
172,Rachel Roberts,47,Donovanview,83711,9201 Rowland Corners Apt. 165
173,Jerry Buchanan,17,East Alicialand,43176,70804 Andrea Island
174,Linda Patterson,48,Blackwellhaven,55522,836 Mitchell Terrace
175,Jeremy King,55,Samanthaview,19386,281 Jordan Shoals Suite 398
176,Jesse Garner,18,Virginiamouth,50701,76023 Carney Pike Suite 951
177,James Best,43,South Madisonchester,68882,7340 Valencia Manor
178,Robert Lin,34,New Jaclyn,41418,21600 Jacqueline Terrace
179,Leslie Medina DDS,47,New Kiarahaven,82425,3235 Walter Path Apt. 705
180,Leah Bird,32,Zimmermanborough,64490,10102 Horn Motorway
181,Mr. Christopher Robertson,39,Priceland,87956,505 Dana Greens Apt. 731
182,Patricia Henderson,33,West Staciemouth,14142,3272 Campbell View Apt. 007
183,Cynthia Bishop,48,Gambleburgh,11024,15694 Sharon Road Apt. 263
184,Heather Anderson,26,West Edwardburgh,62845,6296 Morris Spring
185,Ryan Henson,32,Nguyenview,76751,12308 Porter Village Apt. 251
186,Mr. Michael Powell DVM,74,New Sandra,80160,30211 Shelley Square Suite 669
187,Alyssa Grant,42,South John,61182,3690 Peter Rapid Suite 164
188,Nathan Meza,36,Michaelberg,35254,707 Payne Pike Suite 080
189,Darren Johnston,32,Owenport,24794,535 Smith Extension Suite 098
190,Tara Butler,40,Castrofurt,19802,1990 Burnett Course Suite 922
191,Javier Johnson,21,Harrisonfurt,89446,6381 Brandt Place Suite 217
192,Joseph Jones,39,East Andrew,28888,8090 Veronica Ramp Apt. 565
193,Sherry Moses,68,Port Todd,95155,058 Hall Center Apt. 232
194,Kendra Martin,77,Jamieburgh,23695,11134 Cynthia Plains Apt. 575
195,Cynthia Phillips,62,Jenniferport,69208,06336 Smith Square
196,Chelsea Franco,66,West Dianaburgh,62445,17263 Harris Camp Apt. 034
197,William Soto,39,South Brianshire,37809,5325 Cindy Island Suite 291
198,Michael Bell,42,Seanbury,32109,56218 Nelson Meadow
199,Jason Bradshaw,24,Bradfordfort,46516,0622 Miller Mews Apt. 820
200,Amber Park,66,Lake Richardland,07429,73815 Deborah Shoals Suite 054
201,Robert Brown,61,Smithberg,50421,129 Haas Mission Suite 531
202,Christopher Bell,67,Stephentown,23520,495 Rice Dale
203,Courtney Moore,49,West Dorothy,82790,8357 Carly Way Suite 124
204,Jackie Carroll,53,Lake Briannamouth,30723,161 Garcia Walk
205,Doris Briggs,16,Lake Jennifer,31064,2477 Pamela Port
206,Charles Robinson,69,Richardberg,13248,34854 David Avenue
207,Daniel Clark,57,Duffystad,27809,19233 York Orchard Apt. 298
208,Cody Sutton,72,Hannahport,67361,829 Turner Loaf Suite 384
209,Barbara Fritz,36,Buckside,96053,8344 Shelton Circle
210,Jessica Huang,46,Port Annaview,03170,5827 Victor Loaf
211,Anne Michael,57,Grahamchester,59401,28351 Beverly Light
212,Thomas Hess,45,South Andrewstad,81928,06749 Webb Land Apt. 363
213,Edward Miles,35,Sethview,56301,70127 Amy Springs
214,Jeffrey Anderson,41,Harrisside,78911,81138 Jenkins Highway
215,Austin Odonnell,26,Nolanview,07367,9676 Kenneth Harbors Apt. 740
216,Sherri Clark,23,Amandashire,83423,35894 Hernandez Street
217,David Hernandez,78,Hernandezfurt,15328,16855 Timothy Flats
218,Angela Hays,63,Port Bryan,40800,4801 James Orchard
219,Katherine English,25,New Kimberly,60560,625 Jennifer Drives
220,Barry Boone,22,Lisafort,15271,51480 Ferrell Ways Suite 248
221,Gregory Foster,14,Hernandezfurt,38039,590 Carrie Common
222,Ricky Williams,48,Dianamouth,44723,056 Stokes Freeway
223,Scott Dixon,30,Myersville,60446,8387 Carroll Groves Apt. 623
224,Victoria Cox,37,Walterfort,47756,62070 Michael Islands
225,William Ortega,18,Guerrachester,77324,5239 Hayes Isle
226,Carla Hall,27,New Michaelborough,55759,185 Webb Stravenue Apt. 962
227,Mr. Alan Farmer,78,South Jennifer,29353,454 Jensen Landing
228,Megan Jackson,51,Apriltown,62781,7131 Morgan Union Suite 844
229,Craig Williamson,47,Danieltown,62988,731 Justin Street Suite 253
230,Jennifer Hobbs,34,Stephenland,67491,05776 Norris Crossroad Suite 255
231,Eric Ramirez II,55,Bradyburgh,54368,8196 Cindy Grove
232,Sandra Whitaker,55,Kellyberg,80619,72687 Kelly Bridge
233,Jonathan Sosa,57,Jayborough,14232,0120 Wilson Falls Apt. 525
234,Louis Fletcher,75,Lewistown,71922,08541 Kenneth Burg
235,Maria Abbott,45,Port Jason,32017,66448 Brown Crossroad Apt. 667
236,Courtney Scott,24,East James,04469,85972 Lori Field
237,Deborah Williams,37,New Alexandra,51298,940 Misty Trail Apt. 727
238,Willie Dennis,68,Mcconnellville,94205,76923 Amanda Vista Suite 155
239,Juan Jackson,55,Lake Richardland,96541,824 Lowery Throughway
240,Trevor Spencer,37,Adamhaven,31105,863 Taylor Branch Suite 623
241,Kenneth Sanchez,44,Curtisport,37985,253 Paul Causeway
242,Scott Haas,20,East Danielport,75363,147 Williams Shoals
243,Tony Williams,30,West Christopher,27453,70208 Stacie Prairie Apt. 304
244,Jason Michael,80,Danielhaven,71315,8727 Jessica Flats
245,Rachael Pruitt,25,Priceberg,68220,31535 Lane Prairie
246,Peggy Greene,77,Jimenezburgh,97800,66748 Daniel Via
247,Roger Willis,15,East Jamiebury,67967,162 Angela Meadows Apt. 322
248,Gerald Wallace,56,Leeview,20714,97304 Andrew Hill Apt. 057
249,James Diaz,42,Patrickside,51433,49086 Crawford Wall
250,Peggy Keith,51,South Jennifer,01438,69448 Pamela Place Suite 250
251,Brandon Alexander,18,Lake Vanessa,94513,866 Drake Rue Suite 670
252,Kayla Hoffman,29,West Theresaton,67927,2012 Brian River Suite 766
253,Monica Bright,32,East Anthony,98831,72542 Long Trail Apt. 780
254,Gregory Thomas,65,Scottchester,54775,6339 Christopher Manor
255,Jeffrey White,48,Rosalesland,31235,277 Jason Ville Suite 401
256,Lisa Reyes,38,Anthonyport,95413,353 John Isle
257,Jennifer Ashley,59,West Richardborough,27945,3165 Hancock Landing
258,Louis Anderson,69,Jamesview,08436,5184 Laurie Street Apt. 937
259,Tracy Hall,23,New Thomas,52030,399 White Land
260,Dustin Cook,80,Dustinberg,92427,25092 Hoover Pines Suite 999
261,Alexandra Stewart,48,South Deborah,35516,5980 Hill Junction Suite 711
262,Carrie Nicholson,54,Jillberg,03379,275 Sparks Forge
263,Emily Bass,51,Goodmanview,36976,83213 Simpson Estate
264,Kimberly Smith,29,Port Jamesbury,41820,419 Laura Isle
265,Dawn Anderson,27,Samanthaside,28359,751 Heather Mission
266,Rachel Johnston,19,Williamsmouth,57132,5766 Rodriguez Island Apt. 685
267,Regina Frye,52,East Victoriabury,87501,441 Carlson Mountain Suite 896
268,Nathaniel Castillo,35,Julieton,10828,706 Martin Mountain Apt. 066
269,Paul Parks,16,Oliviaberg,15265,2633 Brown Pines
270,Andrea Robinson,50,Lake Jessicabury,40788,673 Natalie Cape
271,John Yu,77,North Richardchester,54970,536 Emily Fall Suite 788
272,Mark Wagner,28,East Stephenton,61823,5826 Flowers Spur
273,Andrea Smith,34,West Grant,62103,67210 Sabrina Union
274,Tanner Zhang,79,East Jessicashire,42899,51128 Wood Crossroad Apt. 654
275,Kevin Davis,59,East Annette,09110,025 Higgins Drives
276,Brooke Harmon,60,Brownville,88124,77779 Scott Lights Suite 002
277,Madison Young,23,Lopezchester,56807,6175 David Throughway Suite 445
278,Lisa Graham,49,Brownberg,61261,1227 Kevin Meadows Apt. 735
279,Jo Ingram,68,Lake Jasminechester,81141,190 Lane Pass
280,Shelby Osborne,66,Thompsonside,01906,2910 Smith Canyon
281,John Andrews,42,New Davidland,81546,1742 Stefanie Island
282,Brian Morgan,49,Lake Larry,91542,9549 Jesse Cape Suite 896
283,Angela Lee,29,Benjaminland,53720,1958 Randy Track
284,Robin Wilson,72,Boyerton,29079,95131 Castro Springs
285,Brittany Alvarez,24,East Nicholashaven,84309,5637 Morrison Extension
286,Michele Rodriguez,50,North Katie,13936,344 Michael Run Apt. 018
287,Katie Johnson,20,Williamsburgh,27445,50860 Timothy Ports
288,Isaac Cruz,27,Mitchellborough,87411,03554 Michael Stream
289,Rebecca Rich,68,Lake Larrymouth,36682,14725 Christine Valleys Suite 467
290,Linda Blair,30,North Mitchellfort,35111,80008 Cline Fields
291,Jasmine Allison,39,Richardhaven,79370,7295 Leroy Springs
292,Kevin Davidson,74,Pottsfurt,48608,964 Arroyo Fields
293,Rachael Ward,80,Port Sandrachester,78747,1638 Torres Streets
294,James Cooley,31,West James,35417,1237 Gray Mews
295,Gina Cain,45,Huntborough,67458,5612 Anthony Point Apt. 122
296,Jean Black,67,Ramirezburgh,49086,120 Johnston Parkways Suite 610
297,Jessica Thompson,55,East Megan,98246,455 Coleman Corner Suite 092
298,Kristen Ray,22,Lake Edwin,50128,0234 Macias Knolls Suite 917
299,Tina Jarvis,70,Lake Brian,17576,7128 Fleming Green Suite 715
300,Robert Flores,66,Stevenberg,69513,29321 Kenneth Canyon Apt. 193
301,David Rojas,40,West Tammy,32311,319 Hall Lake Suite 831
302,Ronald Vaughn,64,North Kimberlymouth,25094,809 Bradley Viaduct
303,Jordan Allen,29,Lake Johnburgh,24939,578 Martinez Squares
304,Sarah Hatfield,19,Lake Joefort,84787,4702 Bell Valleys Apt. 297
305,Ashley Smith,36,East Nicoleberg,73461,5793 Travis Island
306,Michael Mckinney,17,West Kristine,08826,9308 Carr Rapids Suite 688
307,Kenneth Skinner,31,Christopherberg,41768,5148 Tanner Wall
308,Ronald Moran,28,Kristenhaven,68565,12898 Schneider Avenue
309,James Young,24,North Crystalton,36751,9867 Walker Burg Apt. 111
310,William Short,71,Angelaside,76051,4976 Stevens Hill
311,Stacy Cannon,50,Wrightview,07111,11878 Ferguson Well
312,Eileen Bailey,38,Myersmouth,76720,181 James Landing Apt. 565
313,Ashley Collins,57,West Pedromouth,19633,245 Carson Meadows Suite 046
314,Blake Rogers,77,Jamesland,15405,26701 Evans Points
315,Joshua Andrews,39,Lake Craigmouth,35312,80514 John Parkway
316,Derek Smith,22,Rollinsfurt,30882,095 Annette Plains Apt. 749
317,Natalie Evans,80,North Matthewland,82759,324 Christine Court Suite 145
318,Kimberly Hernandez,75,West John,75582,79709 Herrera Rue Apt. 720
319,Jeremy Floyd,33,Millerview,17312,8944 Young Roads
320,Cassidy Garrison,24,Josephfort,66152,868 Edwin Stravenue Suite 526
321,Matthew Hicks,58,Debrafurt,03473,80702 Andrew Light Apt. 454
322,Mike Coleman,32,Klineland,07809,388 Mike Path Suite 230
323,Anna Callahan,29,Bryanshire,39588,15846 Jackie Course
324,David Ramirez,36,West Charles,26698,87517 Natasha Loop
325,Pamela Ford,68,Lawrenceville,01656,3038 Veronica Heights Suite 006
326,Dylan Steele,57,South Michaelmouth,48873,13128 Jason Coves Suite 695
327,Ashlee Alvarez MD,77,New Jodytown,52091,165 Lawrence Landing Apt. 850
328,Jennifer Soto,38,South Dianafort,02554,32791 Williams Meadows
329,Zachary Thornton,15,North Sheena,78528,8766 Linda Vista
330,Colleen Anthony,60,Racheltown,32262,2531 Steven Cove
331,Jennifer Gonzalez,53,Lake Robin,51684,7732 Michael Cape
332,Sarah Eaton,64,East Jodi,41207,3114 Howe Gateway Apt. 906
333,Stephen Thompson,16,West Michael,39936,54481 James Dam
334,Richard Cline,72,North Davidborough,09164,5708 Joseph Prairie Apt. 102
335,Tara Reyes,24,Jamesfort,25133,860 Lowery Inlet
336,Ashley Brown,14,North Brooke,93051,1482 Anthony Mills
337,John Sharp,28,Sullivanfort,45625,0716 Gillespie Lane
338,John Nixon,61,Obrienmouth,09052,5013 Martinez Estates
339,Rachel Gonzalez,17,Christopherville,79229,00120 Cole Underpass Apt. 172
340,Adam Jackson,53,Mendezberg,79668,707 Terry Curve Apt. 763
341,Lori Sullivan,69,Lake Emily,77559,54562 Flores Ridges Apt. 099
342,Hunter Wolfe,15,South Melissafurt,31479,7183 Tina Rue Suite 838
343,Jason Little,38,Lake Kevin,56453,11672 Nathan Camp
344,Jacqueline Fleming,41,Bakertown,84265,911 Lauren Curve Apt. 118
345,Sheila Adams,68,Wrightfurt,48958,126 Pamela Parks Apt. 344
346,Donna Nolan PhD,60,Davisland,80909,38147 Danielle Underpass Apt. 110
347,Crystal Roman,38,South Cathyhaven,89069,2506 Brittney Creek Suite 503
348,Danielle Clements,68,Justinton,49998,6997 Curtis Stream Suite 940
349,Justin Frederick,53,Port Harry,39755,96639 Roberto Ville
350,Cameron Garcia,30,Lake Tamaratown,47226,80168 Miller Dale Apt. 424
351,Julie Figueroa,14,Conwaychester,88311,18268 Rangel Roads
352,Anthony Mcclain,69,Samuelchester,19602,0476 Jay Flat Suite 504
353,Nancy Austin,60,New Jasonside,42017,2776 Kristen Harbors Apt. 824
354,Kimberly Potts,64,New Justinbury,67706,1833 Garrett Mission Apt. 665
355,Carmen Cortez,44,Zhangtown,91406,0786 Lopez Estate Apt. 264
356,Ronald Lopez,80,West Marieview,15525,5014 Wheeler Crescent Apt. 783
357,Ryan Franco,74,Lake Jasonland,62869,534 Steven Plaza
358,Daniel Campbell,42,Katherineborough,02940,118 Ryan Mission
359,Mark Diaz,57,New Christopherhaven,41640,43189 Reynolds Dam Apt. 356
360,Luis Farrell,27,Cheyennefurt,79769,75669 Caleb Oval Suite 373
361,Madison Christensen,78,Stephanieshire,43729,8017 Maria Well
362,Timothy Knight,51,Port Allison,72825,6102 Smith Ramp Apt. 060
363,Lisa Powers,49,North Maria,71397,15584 Guzman Dam Suite 705
364,Christopher Jones,31,Wiseburgh,65983,8907 Ann Islands
365,Maria Duncan,76,Haneymouth,92364,53858 Arnold Squares
366,David Peterson,33,North Jasonburgh,27680,2909 Christopher Dale
367,Angela Green,68,North Johnville,60125,14113 Bentley Pines
368,Jennifer Yang,61,New Danielshire,91202,5702 Amanda Plain
369,Erica Gonzales,17,North Charles,42564,22875 Maxwell Village
370,Daniel Garza,18,Heatherburgh,92596,0144 Booth Field
371,April Allen,78,Garytown,31390,8052 Green Mills
372,Vicki Wood,37,Loribury,60736,637 Thomas Lights Apt. 593
373,Robert Norton,72,Conleyland,56035,4860 Holder Grove Suite 093
374,David Ritter,51,North Veronica,98327,97059 Brandon Camp
375,Gloria Owen,77,West Charles,93604,269 Brian Manors Suite 280
376,David Patterson,38,New Jasonborough,55069,978 Sanchez Camp Apt. 018
377,Amy Lindsey,25,North Andrew,78288,663 Gutierrez Rest Suite 420
378,Joseph Washington,37,Markmouth,69473,73730 Parker Pike
379,Jeffrey Davis,36,Joseshire,09557,4981 Leonard Brooks
380,Amber Turner,60,Cannonburgh,25969,0467 White Fall Apt. 051
381,Matthew Mcdowell,50,Randyland,40743,940 Harmon Valley
382,Holly Perez,74,Ricestad,37743,1931 Perez Mission
383,James Howell,23,East Brianna,09875,682 Scott Mission Apt. 498
384,Eric Matthews,28,West Alanbury,35365,961 Graham Island Suite 040
385,Jason Nichols,35,Stacytown,02990,43272 Haas Rapid
386,Janice Turner,46,Harpertown,09135,35204 Carol Ramp
387,Harold Marshall,41,South Jasminefort,48674,636 Sierra Hill
388,Norman Smith,40,Lake Timothy,34716,82827 Stewart Cape
389,Laura Morris,52,Laurashire,61907,98672 Richardson Circles
390,Felicia Simpson,50,Jenniferfort,09200,001 James Inlet Suite 773
391,Jonathan Perez,69,South Susanport,40351,746 Brian Burgs Suite 398
392,Joseph Armstrong,23,Clinemouth,71774,6403 Rodriguez Underpass Apt. 505
393,Thomas Barker,60,West Jennifer,77389,970 Watts Bridge
394,Brittany Gilbert,55,Lake Joshuahaven,19957,137 Louis Drive
395,Mr. Joseph Ortiz,19,New Karitown,97757,05160 Hall Viaduct
396,Wendy Shepherd,60,New Sarah,87002,00299 Patterson Road
397,James Hickman,59,Rodgersville,71774,54368 Jennings Square Suite 696
398,Keith Boyd,44,New Johnfort,73564,2904 Melton Green Suite 827
399,Robert Shah,20,Dianamouth,35940,512 Martinez Villages
400,Scott Gonzalez,43,West Karenfort,93053,97418 Torres Hollow Apt. 439
401,Joseph Rivera,60,Port Williamton,79532,62689 William Isle Apt. 892
402,Vanessa Brooks,44,Christopherbury,36221,41363 Hayden Ridges Suite 939
403,Lisa Green,76,Travisberg,38364,69461 Karen Trail Apt. 626
404,Debra Scott,78,Port Kathryn,28277,8715 Elizabeth Mountain Apt. 368
405,Adam Keller,17,South Elizabethburgh,53517,0133 Taylor Wall
406,Michelle Montgomery,24,Michaelburgh,97340,229 Brewer Fork
407,Joseph Wiggins,19,Port Aaronchester,78104,0025 Annette Plain Apt. 570
408,George Reed,58,East Julieland,75746,741 Jacob Place Suite 971
409,Sheila Lopez,59,Joefurt,11181,0976 Brian Gardens Apt. 372
410,Isaac Weaver,30,Sherichester,87950,47921 Bell Forks Suite 629
411,Rebecca Moore,77,West Mollyborough,12969,81142 Wiggins Mills
412,Stephanie Salazar,54,New Lisa,68767,74804 Snyder Points Apt. 144
413,Carrie Daniels,73,North Erinstad,62231,8853 Kyle Harbor
414,Melissa Beck DVM,41,Morganhaven,55601,04436 Kimberly Skyway
415,Maria Marshall,72,North Rhondaborough,01825,939 Valerie Plaza
416,Adrienne Morgan,31,New Holly,56128,78962 Perez Stream
417,Tim Murray,54,Samueltown,16443,3330 Melissa Bridge Suite 883
418,Katherine Taylor,53,East Caitlinside,74353,19065 Jennifer Trail Apt. 282
419,David Thomas,33,Port Lisamouth,11740,7685 Leslie Bridge Suite 032
420,Nicholas Craig,29,Patriciatown,04636,08204 Wagner Brooks
421,Julian Williams,39,Dennisshire,21105,301 Samantha Mills
422,Jessica Shelton,36,New Charlesside,33877,002 Patterson Station
423,Erin Brennan,69,Watersside,88983,02066 Robertson Oval Apt. 052
424,Joshua Gallagher,76,South Curtisfurt,36228,5833 Peter Forest Apt. 467
425,Jennifer Cobb,26,Lake Jeffreyville,68720,1270 Price Haven
426,Crystal Fletcher DDS,17,Lake Ronaldport,72894,07258 Jamie Islands
427,Michael Knight,44,Johnsonfort,11408,633 Lee Rapids
428,Eddie Padilla,76,West Nancymouth,87193,646 Gray Mall Suite 187
429,Daniel Jackson,32,Robertport,23989,9550 Powell Fall
430,Robert Clark,70,Davidport,16984,4793 Galloway Fork Suite 954
431,Gwendolyn Hernandez,41,Lake Amyville,64191,83105 Daniel Brooks
432,Kelly Hanson,51,Greenchester,81608,194 Cruz Gateway Suite 965
433,Ryan Thompson,71,North Austinland,05669,985 Brandi Drive Suite 823
434,Erica David,41,West Richardmouth,91281,30597 Foster Parkway
435,Michelle Black,78,Henrybury,80301,11013 Shaw Cliffs Suite 879
436,Misty Thompson,19,Cannonside,37522,50565 Sara Fords Suite 136
437,Christopher Ritter,50,Michelleshire,43047,922 Lauren Centers
438,Mark Martinez,65,Port Caitlin,14209,58020 Ronald Curve Suite 833
439,Caitlin Evans,55,West Josephland,82422,929 Bell Loop Apt. 833
440,Steve Holden,31,Robinsonstad,33824,2481 Christopher Park Suite 533
441,Abigail Humphrey,27,Nolanton,01359,344 David Plaza Suite 772
442,Joseph Mercer,76,Porterstad,80851,804 Elizabeth Square Apt. 760
443,Charles Silva,33,New Michael,63422,24466 Michael Burg
444,Taylor Davis,20,Elizabethhaven,97355,3145 Ramirez Corners Suite 484
445,Thomas Hudson,19,Port Jillianfort,11384,902 John Mountains Suite 254
446,Eric Hudson,25,Doylechester,65618,700 Eric Mission
447,Robert Atkins PhD,52,Davidland,81435,04146 Lopez Summit
448,Rose Price,51,Dawnchester,16499,954 Diaz Ford
449,Hannah Mercer,66,Gonzalezfort,77003,8699 Alicia Mount Suite 172
450,Grace Frank,58,New Greg,84768,808 Kelly Shoals Suite 385
451,Yesenia Everett,51,Port Richard,24862,918 Friedman Lights Apt. 825
452,Joseph Miller,56,Mossborough,35391,200 Moore Extension Apt. 834
453,Maria Skinner,40,South Eric,44741,7023 Buchanan Groves
454,Margaret Fields,60,East Catherine,18261,67997 Sandra Lake Apt. 145
455,Renee Montgomery,15,Staceyborough,32451,55884 Loretta Ports
456,Lisa Parsons,27,Andremouth,35952,201 Floyd Burg Apt. 232
457,Lisa Gray,44,New Patrick,43460,887 Burton Corner
458,Christine George,28,Murphyborough,39202,90205 Garcia Pines Apt. 468
459,Blake Evans,27,West Peterville,11112,0253 Allison Run
460,Robin Lloyd,16,Frederickview,25731,9098 Pace Rapids Suite 949
461,Michael Nguyen,62,South Brian,12367,205 Jacobson Island
462,Madison Jarvis,39,North Jennifer,41659,470 Perez Shoal
463,Robert Walker,21,Port Sherrymouth,15333,63894 John Inlet Apt. 303
464,Dalton Perez,62,North Jesseside,56738,16787 Sweeney Valley
465,Nicole Bryant,75,Lake John,89541,9824 Caleb Club
466,Vickie Rich,58,North Carmen,68043,782 Ann Vista Suite 712
467,Timothy Green,39,Steventon,06274,177 Derrick Street Suite 555
468,Todd Moreno,70,Davidborough,43144,7097 Stacy Club
469,Sandra Cordova,26,Darrenfurt,61065,77769 Smith Viaduct
470,Michelle Acosta,36,Jonathanstad,05246,495 Cook Meadows
471,Riley Brock,29,New Derek,23218,277 Booth Ports Apt. 107
472,Travis Hayden,39,Lake Theresa,58790,59518 Whitaker Passage
473,Ann Cox,47,East Staciefurt,73472,0081 Tanya Ways Suite 535
474,Robin Castro,31,Fergusonside,63535,105 Sheila Drive
475,Megan Davis,62,Johnsonview,97588,663 Torres Estate
476,Gregory Herrera,77,East Stephenhaven,94720,7313 Romero Forks Apt. 714
477,Richard Phillips,64,Mallorystad,04763,20333 Lori Freeway
478,Miranda Solis,29,Brendastad,77493,61137 Jeffrey Mountains Suite 863
479,Xavier Santana,77,Cynthiaport,73161,5646 Rachel Villages Apt. 182
480,Kristina Taylor,29,Francotown,58893,09265 Nicole Neck Apt. 987
481,Mrs. Kristina Gill,47,Mitchellview,50038,666 Jeffrey View
482,Janice Hernandez,24,Edwardsshire,31980,358 Wood Rapids
483,Edgar Lee,31,Lake Keith,92418,24082 Shannon Streets Suite 762
484,Elizabeth Gordon,58,Donaldsonport,83497,0754 Young Ways Apt. 829
485,Stephanie Mitchell,44,Granthaven,26648,917 Austin Locks Apt. 435
486,Michael Price,57,Morrisfurt,14312,032 Zachary Canyon Apt. 769
487,John Watson,47,Sandraview,19030,82271 Sanders Loaf
488,Diane Arroyo,54,South Monicamouth,23154,577 Patricia Overpass Apt. 323
489,Melissa Bell,70,Mcintyrefurt,94769,51566 Kevin Wells Suite 434
490,Stephanie Whitehead,62,Kristenfurt,88283,9158 Park Walks
491,Russell Salas,50,East Rachel,56258,851 Mcintosh Cove Suite 065
492,Miss Judith Stewart,16,North Jenniferville,89127,2472 Russell Roads
493,Donna Henderson,32,East Lisaport,09598,3419 Adams Walk
494,Samantha Barnes,37,Woodsview,51401,17738 Eric Parkway Suite 668
495,Gary Weber,18,Mitchellland,51842,430 Victor Pike Suite 374
496,Adrian Schneider,59,New Larry,69566,5801 Allen Place
497,Grace Reyes,18,North Crystalmouth,45464,5352 Megan Green
498,Benjamin Hall,58,South Williamfort,67253,82368 Anna Freeway Suite 059
499,Patrick Clark,14,North Darrellville,75046,585 Taylor Place
500,Stephen Wright,72,Williamsbury,69612,651 Brown Junctions Suite 387
501,Dustin Parks,74,Shawnfort,48878,954 Cindy Island Apt. 158
502,Melissa Morgan,48,New Matthewborough,88875,58242 Alexander Mountain
503,Rodney Doyle,76,Natalietown,73970,8453 Shane Place
504,Stephanie Jones,37,Port Amy,80086,3997 Larry Village Apt. 380
505,Seth Smith,52,Smithview,37659,25112 Christensen Station Apt. 901
506,Dennis Perez,42,North Michael,91107,6207 Boone Centers Suite 776
507,Dr. Taylor Marshall,60,Nicholasport,34879,1423 Dennis Forges
508,Paul Juarez,14,South Mark,11571,265 Wilson Mill
509,Jennifer Barrett,44,Bonniebury,71650,08370 Christine Ramp
510,Kristina Harris,47,Susanfort,28085,839 Vargas Knolls
511,Emily Mercer,55,New Marcochester,78619,8955 Stephen Fort Apt. 548
512,Todd Berry,64,Jonesmouth,13056,69190 Price Prairie Suite 389
513,Kristen Walters,69,Amyhaven,19232,092 Christina Mall
514,Robert Miller DDS,77,Sotofurt,43214,869 Perry Divide
515,Paula Garza,65,New Robin,10421,297 David Mews Suite 420
516,Tamara Conway,54,West Amber,76503,69389 Daniels Parks
517,Maria Lewis,42,East Dustinchester,00591,92268 Margaret Ford Apt. 865
518,Joshua Mckinney,61,South Whitneyshire,37107,037 Brown Coves Suite 965
519,Christopher Carlson,49,Christopherport,75906,7836 Martin Point
520,Dana Gonzalez,59,Lake Toni,94110,19046 Williams Plaza Suite 445
521,Natalie Atkins,68,Daniellemouth,51131,1954 Samuel Parkways
522,Stephanie Grimes,18,South Kylefort,32471,5984 Figueroa Shore
523,Joseph French,43,South Monica,17627,385 Rebecca Manor Apt. 623
524,Christopher White,53,Port Diane,24162,565 Sandra Passage Suite 711
525,Olivia Edwards,49,Port Robinside,73250,736 Webster Trail Suite 100
526,Brandon Farley,39,Lisaville,93963,48880 Angela Crescent
527,Mary Schwartz,47,Cartershire,66211,640 Mendez Ridges
528,William Baker,79,Tylerhaven,14248,089 Justin Burg
529,Richard Stewart,68,Gibsonshire,50935,5200 Huber River
530,April Becker,71,Nathanburgh,36914,422 Johnson Rest Suite 954
531,Donald Ayala,36,Michaelmouth,83254,2131 Heather Prairie
532,Jessica Turner,76,Port Patricia,25640,9549 Lisa Fields
533,Veronica Cunningham,17,Ronnieside,46057,4055 Catherine Lock Suite 371
534,Robert Villa,55,West Shawnastad,07456,988 Ruiz Radial
535,Cody Wilson,46,Rebeccachester,07371,86086 Moore Burg Suite 691
536,Matthew Cline,79,Elizabethfurt,02078,436 Anderson Divide Suite 692
537,Ryan Bishop,43,New Vicki,49247,39864 Johnson Port
538,Ashley Garza,57,Cardenasberg,31187,985 Wallace Green Apt. 083
539,George Moore,24,Port Shannon,80858,34274 Rebecca Station Suite 578
540,Anthony Anderson,35,Johnchester,86112,3085 Harrison Road
541,Jonathan Maxwell,77,New John,53694,947 Hailey Court
542,Glenn Peters,60,Dustinberg,91967,0448 Ramos Terrace Apt. 018
543,Sarah Patton,41,Lake Mercedes,29297,68346 Erica Spur
544,Shannon Cardenas,58,East Walter,81063,4698 Johnson Ford Suite 531
545,Ruben Curtis,67,Stewarttown,43127,1596 Cardenas Walks Apt. 159
546,Margaret Black,44,Webbburgh,01303,1600 Steve Mill Apt. 399
547,William Oliver,32,South Lisa,87409,327 Garza Heights
548,Jane Williams,57,South Donald,03862,5716 Mitchell Falls Apt. 101
549,Peter Gonzales,52,Jonathanberg,01755,9815 Tara Shore Suite 648
550,Sheena Mcclain,29,South Tarashire,59838,01623 Larson Circle
551,Michael Phillips,61,Kathleenview,79772,0070 Sandoval Overpass Apt. 459
552,Sara Marquez,37,East Deborahport,77718,0134 Krista Mews Apt. 354
553,Natalie Martin,30,North John,93179,35676 Singleton Well Apt. 203
554,Brandon Gill,73,Lake Sean,12731,907 Smith Camp Apt. 453
555,Jeffrey Young,50,North Rachel,05210,70331 Nielsen Wells
556,Donald Garcia,34,Duranshire,99597,465 Bailey Trail
557,Samantha Thomas,73,Davidchester,85736,51686 Emily Flats
558,Christopher Jackson,17,Port Rebeccahaven,66845,280 Strong Plaza
559,Emily Hancock,47,South Robert,87605,4883 Nicole Shoals
560,Juan Newton,65,Pruittborough,46844,245 Smith Pines
561,Alan Clark,56,Davidville,16697,2782 Roberts Stravenue Apt. 434
562,Kaylee Bowen,63,Linburgh,08080,22641 Morgan Ridge Suite 616
563,Christina Cruz,72,West Aaronbury,17655,920 Ashley Lodge Suite 473
564,Abigail Tucker,72,South Dannyville,58185,740 Johnson Shoals Suite 195
565,Brandon Ward,53,Brandonville,80917,0665 Ronnie Mountains Suite 667
566,Michelle Torres,57,Whitestad,11452,3057 Glover Mountain Suite 129
567,Garrett Richards,41,Finleyview,51369,52251 Nichole Branch Suite 158
568,Sean Hamilton,72,Fullerfort,99409,679 Nguyen Canyon Apt. 264
569,Zachary Mason,64,South Shawn,37017,91964 Henry Island
570,Dr. Carol Scott,45,South Deannachester,67254,433 Morales Shores Suite 492
571,Melissa Mueller,31,East Jonathanfurt,92348,191 Marquez Row Suite 192
572,Kenneth Ruiz,43,East Emily,85582,295 Wolf Forks Apt. 255
573,Richard James,80,Stephenport,53855,83001 Ayala Neck
574,Sara Smith,50,West Jennifer,22475,582 Richard Glen
575,Kevin Lynch,59,Lake Tammieville,73353,5908 Rosales Vista Apt. 993
576,Jordan Murray,22,New Richardburgh,45107,685 Lisa Green
577,William Clark,59,North Stacey,70665,36132 Thomas Park
578,Whitney Bryant,71,North Lori,88496,965 Chloe Common
579,Devin Bauer,75,Wrightchester,81474,2419 Pruitt Extension Apt. 245
580,Anthony Wade,43,Gutierrezberg,11724,623 Donna Viaduct Apt. 673
581,Jane Doyle,40,North Victoriaberg,42236,6743 Edward Fork
582,Christopher Mitchell,30,Daltonville,71731,532 Nichols Forks Suite 840
583,Cody Gonzalez,48,Davidborough,18920,0936 Buchanan Row
584,Darlene Foster,67,Wardshire,26780,60308 Fernandez Lock
585,Jessica Contreras,61,Derrickmouth,34340,208 Andrea Park
586,Nicholas Gomez,71,Elizabethstad,85143,6076 Mary Prairie
587,Mike Owen,65,New Arthurfurt,22850,25644 Thomas Shores
588,Jill Castro MD,43,East Samanthaville,43923,45443 Daniel Causeway Apt. 288
589,Peter Wilkerson,62,Mcmillanton,08778,69841 Steele Roads
590,Megan Lindsey,16,Joneston,02275,7478 Kimberly Land Suite 227
591,Sylvia Kirk,73,South Johntown,64029,841 Hawkins Valleys
592,Ricky Frank,65,Beverlyshire,98004,77308 Mary Drive
593,Robert Jordan,39,Jennamouth,49596,745 Boyd Plains Suite 831
594,Jon Mercado,44,Boyerbury,22681,76806 Steele Route
595,Aimee Perez,46,Petersontown,31858,3768 Frank Coves
596,Christopher Ibarra,46,Maciaston,41932,349 Harris Branch Suite 056
597,Daniel Hardin,43,Kristinatown,25469,10140 Jerry Ridge
598,Amber Joyce,57,New Leahtown,77569,8257 Hoffman Mission Suite 450
599,Shaun Bender,45,Port Juanmouth,60114,52772 Peck Run Suite 278
600,Tyler Frazier,58,Williamstad,05199,9204 Parker Wall
601,Dr. Kristin Williams,62,Macdonaldshire,63980,9808 Roy Greens Apt. 439
602,Ashley Phillips,50,New Lisa,26023,54317 Alicia Locks Suite 960
603,Stephanie Wilson,78,North Stephenhaven,79358,13167 Mary Ports Suite 578
604,Sharon Griffin,38,West Christina,23362,74997 Castillo Field
605,Dominique Steele,28,Vazquezshire,98677,972 James Camp Suite 888
606,Travis Pearson,31,Wendyview,18940,753 Pamela Lake Apt. 437
607,Andrea Turner,19,Bryantmouth,73051,5621 Susan Drive Apt. 952
608,Daniel Miller,60,North Kimberly,11816,219 Gutierrez Villages
609,Ms. Melanie Scott,34,South Jonathan,51821,01740 Phillips Rue Suite 517
610,Michele Craig,39,West Jenniferville,41257,309 Madison Way Suite 879
611,Antonio Patterson,14,New Christinashire,57922,027 Reyes Mall Suite 524
612,Nicholas Hill,56,West Nathan,37859,169 Sanchez Prairie Apt. 845
613,Christine Jones,15,North Victoriaborough,59708,369 Mitchell Heights Apt. 696
614,Linda Warren,76,Lake George,03955,29892 Rodney Curve Suite 573
615,Jade Henry,45,Williammouth,13122,448 Jenna Locks
616,Wanda Klein,34,North Carrie,86579,2616 Torres Mews Suite 998
617,Vanessa Weeks,27,Brownchester,40149,1857 Spencer Club Apt. 405
618,Gary Reyes,70,Mackton,84157,3627 Kevin Spur Suite 442
619,George Hall,70,Justintown,87352,2878 Johnson Cliff
620,Adam Murphy,18,West Emilytown,97875,403 Diamond Meadow
621,Thomas Ward,39,Port Christophertown,62376,0499 Bowman Curve
622,Stacy Cook,38,Taylorside,69363,205 Cole Centers
623,Joseph Nelson,37,Blevinsville,68928,318 Mathew Spur
624,Mrs. Ashley Johnson,62,Hoganborough,63152,545 Schultz Cliffs
625,Brian Harris,72,South Dawnton,91592,72313 Kimberly Ways Suite 758
626,Abigail Dawson,77,Matthewstown,27150,918 Teresa Gardens Apt. 205
627,William Christian,22,Danielmouth,99091,582 Kevin Curve
628,Wesley Cole,44,Lake Mallory,02681,7903 Palmer Union
629,Scott Meza,78,Port Danielleborough,77028,2253 Jason Lake Suite 013
630,Madison Crane,46,South Stacy,30563,986 Gregory Gardens Apt. 008
631,Mr. Juan Gray,57,Martinezmouth,55224,67334 Evelyn Mall
632,David Burton,44,Owensland,03342,035 Jennifer Squares Apt. 561
633,William Richardson,47,Michaelbury,89913,32696 Helen Light Suite 450
634,Renee Ford,34,Lake John,10865,139 Steven Track Suite 420
635,James Jackson,42,East Howardburgh,11007,1727 Smith Drive
636,Rose Gill,79,Sampsonberg,37814,87803 Monica Mountains
637,Patrick Young,66,Daviston,98083,9203 Rick Port
638,Jennifer Smith,65,Sototown,06889,14017 Fox Grove Apt. 905
639,Kathleen Black,66,Greenmouth,62004,606 Jennifer River Suite 570
640,Sandra Martinez,40,West Riley,59601,233 Lauren Circles Suite 908
641,Diana Andrews,15,Brianville,33242,6149 Melissa Shoals Suite 486
642,Marissa Peterson,16,Nancymouth,21925,671 Arroyo Shoals Suite 628
643,Chad Johnson,59,Patriciatown,33104,970 Young Rapids Apt. 484
644,Adam Higgins,64,Johnsonshire,19977,522 Lopez Key Suite 503
645,Sara Daniel,50,Lake Rachelview,36159,3937 Williams Path
646,Teresa Powell,34,New Richardville,55878,7393 Aaron Valley
647,Richard Mathis,65,Lovechester,48585,78886 Pamela Islands Suite 090
648,Scott Goodwin,34,Port Christina,78429,905 Kristi Court Suite 205
649,Justin Fowler,19,West Jill,83509,2962 Smith Fields Suite 759
650,Matthew Knapp,77,East Emily,64749,41384 Allison Greens Apt. 797
651,Brooke Fletcher,74,Jamestown,07459,2624 Ramos Key
652,Samuel Patrick,48,Danielleland,88530,659 Lane Unions
653,Brianna Gomez,60,Andrewview,81766,3548 Heather Drive Suite 444
654,Roberto Love,16,Port Maryshire,91751,354 Villegas Parks Suite 545
655,Brooke Garcia,42,Jasminestad,05815,60258 Christopher Meadow
656,Deborah Johnson,50,East Courtneyhaven,25777,61963 Belinda Hill Suite 543
657,Elijah Fernandez,38,Mccartymouth,61348,6661 Bush Corner Apt. 712
658,Timothy Sanchez,58,Millerhaven,70011,7634 Rowland Plains
659,Kenneth Johnson,37,Lake Jacobmouth,50702,777 Timothy Squares
660,Thomas Washington,77,East Breannamouth,91300,4015 Steele Lakes
661,Tyler Watts,38,Lake Kathleenville,17890,02461 Joseph Cliffs Suite 943
662,Sharon Reynolds,64,Perrytown,96962,81990 Jones Way Apt. 412
663,Christopher Kelly,46,Vincentshire,88126,37747 Susan Causeway
664,Sharon Simpson,35,East William,62143,109 Danielle Summit
665,Amanda Russo,15,Pagemouth,19922,63204 Schaefer Shores
666,Andrew Gonzalez,55,Copelandstad,60035,761 Brooks Station
667,Madison Allen,59,New Carlberg,05862,93424 Michael Summit Apt. 924
668,Samantha Rodriguez,24,North Chase,04936,377 Gregory Squares Apt. 339
669,Jonathan Fox,38,New Jonbury,29035,57961 Little Pike
670,Tammy Lucas,27,Ericbury,87818,3632 Valdez Mountain
671,Summer Cox,68,North Catherine,28851,466 Crystal Hills
672,Darren Phillips,75,Carsonborough,67721,21257 Bryan Forks Apt. 682
673,Andrea Ward,66,South Josephmouth,28992,207 Deanna Valley
674,Deborah Graham,40,Kimberlymouth,62393,75115 Woodward Ridges Suite 754
675,Jerry Wagner,45,Port Coreytown,99429,481 Kenneth Viaduct Suite 676
676,Jacqueline Jenkins,52,Christianland,27942,957 Gabriel Stream
677,April Mcconnell,78,New Dianachester,13663,804 Timothy Squares
678,Matthew Hall,48,Jimport,44391,509 Peter Summit Apt. 196
679,Michelle Graham,79,Walterborough,73615,0069 Steven Path Apt. 634
680,Kyle Thomas,67,New Erica,92434,2898 Salazar Views
681,Lisa Mueller,30,Shieldsshire,37521,88465 Kenneth Locks Suite 136
682,Sarah Johnston,36,Brentfort,90566,8598 Rich Ramp
683,Emily Burns,61,Mitchellfurt,26580,644 Michelle Views Suite 011
684,Dr. Robin Zimmerman,59,Port Cathybury,39141,767 Shepard Crescent Apt. 824
685,William Blankenship,25,West Donald,76506,87124 Shelia Loaf
686,Adam Williamson,41,New Jacquelineburgh,83426,03576 Christopher Trail
687,Ronald Wood,47,New Timothy,11550,3034 Durham Burgs
688,Natalie Cortez,68,Port Nicholas,25755,82911 Jessica Knoll Suite 407
689,Dawn Arnold,55,New Amymouth,89838,565 Fleming Cliff
690,Tonya Murphy,22,North Brianborough,74299,7812 Bowen Shore
691,Jeffrey Williams,62,Swansonshire,25771,19535 Dana Mount
692,Melissa Hale,22,Ramosmouth,19502,65136 Mendez Pass
693,Gregory Dyer,65,Jenniferhaven,72704,86890 Sean Place
694,Chloe Foster,34,Rossland,10326,8329 Erin Throughway
695,Joseph Gonzalez,25,Millerstad,45902,7289 John Passage Suite 520
696,Cassandra Orr,76,North Kevinstad,90745,1089 Jennifer Courts
697,Mark Krueger,33,Port Johnton,83531,1354 Brent Locks Suite 347
698,Ashley Green,70,Sellersshire,32357,4863 Payne Throughway Apt. 392
699,Parker Norris,57,Tammyport,63223,572 Emily Bridge Suite 794
700,Heather Williams,20,Alejandraville,73517,8716 Weber Ferry Apt. 529
701,Reginald Romero,66,Johnland,47732,07219 Gary Centers
702,Michael Nixon,76,Joanfort,45307,05378 Wilson Stravenue Apt. 153
703,Sharon Miller,79,Lake Loretta,21951,90403 Denise Canyon Suite 018
704,Eileen Johnson,78,Jacquelinefurt,82774,0550 Martinez Mountain
705,Michael Ferguson,14,New David,01400,798 Randy Terrace Apt. 234
706,Debbie Hernandez,34,North Dawn,37739,32216 White Plains Suite 307
707,Stephen Short,45,West Samantha,83459,8773 Christine Unions Suite 476
708,Omar Willis,27,Kevinburgh,12843,890 Stout Locks Suite 687
709,Jonathan Burns,27,Duanemouth,68343,838 James Station Apt. 985
710,Yolanda Porter,63,Lake Teresa,63612,75846 Melissa Lane Suite 073
711,Michael Williams,41,Nicolehaven,32824,34931 Johnson Knoll
712,Amanda Zhang,22,Pamelamouth,52437,0925 Olivia Bypass Apt. 940
713,Linda Walker,15,Blakefort,37643,4090 Stevens Union Suite 028
714,Peter Douglas,62,Kingchester,69691,40734 Jimmy River Suite 088
715,Lisa Cooper,74,Jenniferside,92074,630 Karen Gateway Apt. 336
716,April Stanley,53,New Julia,12089,872 Ali Plaza
717,Joshua Wilson,15,Carlosfurt,08860,9819 Rodriguez Way Apt. 373
718,Joann Arnold,48,Josephtown,27264,179 Harrington Rapids
719,Nicole Avila,41,South Richard,05246,535 Karen Pine Suite 958
720,David Brown,18,North Katie,60422,90743 Monica Canyon
721,Ryan Boone,51,Lake Kim,78307,5817 Susan Highway
722,Stefanie Young,42,Lake Anna,77269,2223 Ruiz Course Suite 716
723,Rebecca Jensen,73,Jasonport,89375,180 Morgan Fort Apt. 800
724,Melissa Harris,80,West David,28503,190 Diaz Union Apt. 644
725,Michael Dyer,17,Jeremytown,47519,252 Ryan Skyway
726,Samantha Nelson,21,West Tyler,42146,9001 Bell Shore
727,Justin Smith,66,Port Gregoryville,79665,798 Rhonda Square
728,Sheila Warren,63,Bartonville,29376,5510 Steven Inlet Suite 847
729,Elizabeth Davidson,50,East Jasonburgh,51817,1476 Colton Landing
730,Christopher Gomez,76,West Bridget,61684,6916 Linda Club
731,Keith Thomas,62,New Danaside,42901,99949 Burch Knoll
732,Stacey Davila,66,West Tanya,77429,07627 Jason Green Apt. 503
733,Caitlin Lowe,80,Port Ronaldmouth,83827,509 Aguilar Locks
734,Lisa Duran,60,Frenchmouth,64130,92653 Melvin Ports Apt. 591
735,Jordan Ford,57,South Trevor,14541,485 Blake Station
736,Michael Hansen,26,Romerohaven,96585,594 Mcdaniel Island
737,Abigail Villa,26,South Thomasfurt,10655,6967 Parker Stravenue
738,Richard Pierce,57,Millsside,26607,81748 Anthony Mount
739,Christie Johnson,19,West Michael,69319,65235 Gould Court Apt. 543
740,Olivia Morgan,43,North Briantown,12386,967 Chad Cliff Suite 485
741,Ashley Beck,45,Port Melissastad,21853,7822 Crystal Point Suite 495
742,Ashley Rodriguez,23,Lake Susan,10047,67100 Luna Stravenue
743,Laura West,27,Robersonland,43751,1750 Griffin Fords Apt. 817
744,Lisa Moore,26,Millerville,63209,55609 Smith Junction Apt. 794
745,Michael Cole,76,Tiffanychester,91226,4086 Sanchez Freeway Apt. 422
746,George Taylor,55,Michaelshire,78916,3692 Todd Land
747,Laura Gilbert,68,East Ricardostad,75119,804 Pham Shores Apt. 646
748,Mark Fields,62,Calhounfurt,94039,6797 Sonya Branch
749,Wendy Reese,67,Jeremyland,28008,06125 William Crossing Suite 825
750,Alan Hughes,35,Michaelton,61969,15008 Gabriel Fields
751,Tyrone Garcia,49,Lake Ryanchester,62481,295 Mathis Club Suite 442
752,Evan Perkins,76,Lake Katherine,36786,7441 Cobb Estates
753,Kristen Kent,72,West Melissa,26856,2254 Douglas Squares Apt. 899
754,Samantha Cruz,57,Lake Danielleview,53951,07405 Monique Walks Apt. 979
755,Anthony Clark,57,North Markview,08004,702 Erik Port
756,Matthew Smith,79,Leehaven,09510,131 Carly Mission Suite 721
757,Christopher Duffy,19,Taraborough,26543,4801 Jenna Crest Apt. 106
758,Bethany Young,44,Greenstad,56847,1079 Crawford Pine Apt. 893
759,Darryl Fox,51,Wallaceport,68104,235 Sanchez Rue
760,Elizabeth Smith,39,Williamsberg,51829,02267 Stephen Roads
761,Benjamin Campbell,35,Whiteland,03833,93937 Norman Points
762,Michael Shepherd,50,South Katherine,73884,97816 Bryan Corner Suite 880
763,Cindy Baker,80,Millerview,79391,28568 Jeremiah Point Suite 496
764,Carmen Robinson,56,Cookmouth,83223,92402 Nelson Terrace Suite 012
765,Kathryn Barnes,46,Heatherborough,43510,602 Bolton Park Suite 885
766,Alexis Jackson,77,New Grace,43228,934 Martinez Isle
767,Jody Gilmore,60,West Ellenchester,98570,4593 Allen Circle Apt. 077
768,Tara Vargas,44,Port Tyrone,22288,93466 Amanda Club Apt. 003
769,Steven Rogers,76,Brocktown,18934,8707 Jillian Key Suite 054
770,Daniel Stewart,35,Wongburgh,99080,699 Linda Island Suite 440
771,Xavier Haynes,56,West Briantown,75867,10607 Beth Extension Apt. 837
772,Tara Sanchez,60,Dakotamouth,21445,111 Carpenter Oval Apt. 507
773,David Bryant,67,Melissaville,63282,50036 Williams Harbor
774,Vickie Gonzales,70,Tamarahaven,42607,740 Reyes Mill Apt. 679
775,Angela Rogers,71,South Matthewstad,22414,4449 John Squares Apt. 823
776,Jesse Jones,59,Palmerfurt,35966,848 Williams Gateway
777,Rachael Pollard,30,Snydertown,09584,9639 Natasha Island Suite 317
778,Haley Shepherd,70,South Jessicaberg,83813,3233 Page Knoll
779,Jennifer Cortez,48,Williamsberg,13226,8591 Peter Flats
780,Jessica Irwin,75,West William,19179,0889 Erica Center
781,Mr. Gary Mayer,30,New John,95266,3771 Ward Manor
782,Sarah Roberson,60,South Michelle,20877,387 Michael Rue
783,Joshua Sawyer,60,Kathrynland,10152,60593 Harold Wall Apt. 838
784,David Smith,78,Stephensland,71192,3268 Lewis Forks
785,Amy Martin,23,North Kimberly,83532,7732 Luna Shoals Apt. 972
786,Kimberly White,14,Katherinehaven,95002,034 Jennifer Street Suite 285
787,Dillon Castro,65,Michaelmouth,26970,66431 Michelle Union
788,Francisco Jenkins,25,Mackville,76472,92034 Jenna Views
789,Virginia Schultz,27,West Monica,55647,26337 Fleming Forest
790,Alexandra Price,55,Howechester,49711,6379 Margaret Falls Apt. 244
791,Julia Simmons,77,Port Aaron,14167,38871 Hudson Groves Suite 512
792,Joshua Burns,20,North Teresaton,35181,26095 Reed Forest
793,Jessica Walker,62,Andreafurt,06324,71679 Carlos Center Apt. 810
794,Daniel Weaver,70,North Robert,80241,22724 Destiny Divide
795,Tyler Pena,33,Lake Rebeccaborough,08274,83188 Lindsey Passage Apt. 547
796,Patricia Mason,78,Pricestad,18818,0393 Kristen Rue Apt. 425
797,Joseph Morrow,36,Carterville,67805,8884 Elizabeth Summit
798,Melissa Montgomery,37,East Patricia,67198,108 Goodwin Hollow
799,Leslie Cisneros,36,South Danielletown,79431,736 Kara Loaf Apt. 601
800,Nathan Carter,55,Port Williamview,60240,4228 Blackburn Mission
801,Christopher Williams,63,Johnsonton,18336,777 Alex Field
802,Barbara Warner,49,Emilymouth,70822,2826 Avila Overpass
803,Jessica Cooper,43,East Yolandamouth,38406,4547 Moon Harbors
804,Mark Jones,30,New Luisfurt,60408,605 Jennings Pass
805,Kathleen Sanders,74,Lake Robert,16248,187 Juarez Squares Suite 370
806,Javier Williams,75,Joshuahaven,31285,35316 May Station
807,Bradley Hodges,39,Lake Morganville,97904,53162 Bush Island
808,Lisa Bennett,23,Makaylafurt,31136,0758 Natalie Orchard Suite 302
809,Andrew Jefferson,14,Mckinneymouth,63032,7314 Wells Roads Apt. 864
810,Andrew Gibbs,36,East Perryfurt,43409,6418 Smith Course Suite 671
811,Daniel Thompson,17,New Aaronstad,81218,8213 Alison Common
812,Stacey Williams,64,Port Heather,73135,1328 Williams Branch
813,Bradley Drake,57,Harrisport,39240,80682 Francis Corner
814,Tiffany Mack,40,Rickeyville,86108,240 Wendy Ville
815,William Riggs,74,Mariahbury,23867,17492 James Freeway Suite 643
816,Rebecca Sellers,26,Annahaven,68613,24109 Jeffrey Skyway Apt. 249
817,Jennifer Sharp,77,East Alexander,10944,6760 Joseph Crest
818,Raymond Sanchez,36,Lake Sarachester,52138,768 Carson Glen Suite 588
819,Stephanie Gillespie,58,Brownport,10826,76773 Lopez Spring Suite 072
820,Maria Johnson,51,Markhaven,45840,2763 Tyler Course Apt. 403
821,Ashley Price,60,South Ana,85102,9364 Elizabeth Loaf Apt. 867
822,Bob Walters,27,Taraville,39912,71148 Thomas Views
823,Cindy King,21,West Wesleyside,67612,158 Shannon Causeway Apt. 517
824,Robert Robbins,55,South Stephentown,45735,78298 Jones Ramp Apt. 761
825,Stephanie Patton,44,Oneillside,82578,60293 Penny Mountain Apt. 266
826,Laura White,14,Mejiastad,89907,779 Steven Pine Apt. 583
827,Abigail Johnson,39,Batesshire,36725,005 Berry Turnpike Suite 497
828,Miguel Andrews,54,Amandafort,52803,434 Cooper Lane
829,Susan Coleman,60,Sandovalmouth,35991,5567 Lee Forest
830,Raymond Williams,46,Hallland,30346,0146 Brian Road Suite 181
831,Mary Mcdonald,62,Jamieland,04948,700 Rachel Passage
832,Donald Rogers,56,Robertsonstad,42376,832 Molina Plain
833,Chase King,33,West Richard,31732,669 Beverly Creek
834,Randy Cunningham,73,Lake Catherineview,48262,0156 Santos Crossroad Suite 700
835,Tammy Hayes,29,Garrettbury,98573,55615 Johnny Locks Suite 283
836,Pedro Rogers,27,South Whitney,86489,90003 Garcia Summit
837,Donald Jacobson,35,South Johnside,14389,956 Katie Island Suite 473
838,Anita Frey,29,Hayesville,20191,384 Kyle Divide
839,Maurice Hayes,58,Vanessaside,85090,65240 Cody Groves
840,Mariah Garcia,25,Port Justinberg,46440,461 Brett Shoals Suite 153
841,Edward Benson,34,Walkerberg,09634,2552 Alicia Prairie Suite 508
842,Travis Wong,32,East Latashachester,35511,42936 Stacy Mountain
843,Anthony Green,48,North Debrafort,33189,023 Heather Fall
844,Christopher Dawson,47,Jamieberg,01295,968 Russell Center
845,Stanley Acosta,78,Rodriguezstad,36483,21123 Jones Land
846,Andrew West,35,Christinaville,34572,17397 Bryce Shore
847,Joseph Luna,74,East Jose,64164,12039 Jennifer Underpass Suite 959
848,Eric Benson,65,West Donald,53177,54511 Quinn Underpass Apt. 138
849,John Parker Jr.,45,North Jessica,16340,3893 Regina Hill Apt. 839
850,Dr. Teresa Li,62,Cookmouth,04258,30039 Mary Underpass
851,Christopher Kelley,48,West Jacobhaven,21434,59287 Amy Wall
852,Angel Smith,57,West Robert,83832,0399 Black Cape Suite 085
853,Christopher Wilkerson,16,Port Leslieberg,56708,87874 Gilbert Drive
854,Amanda Johnson,36,Jonesport,67676,808 Robert Circles
855,Lisa Smith,17,New Kevinport,41105,51583 Tammy Summit
856,Traci Simmons,35,Vanessahaven,98655,7503 Perez Lock Suite 480
857,Dominic Coleman,51,Howardbury,62722,0855 Howard Bridge Apt. 052
858,Harold Kirby,78,Heathertown,95457,66794 Tiffany Mills Apt. 072
859,Casey Ortiz,43,Sheltonfort,78048,007 Avila Shoal Suite 075
860,David Thomas,63,Jacksonchester,09054,006 Hartman Run
861,James Madden,40,Annefort,17755,29217 Kathleen Junctions Apt. 872
862,Michael Meza,26,South Zachary,95728,042 Taylor Parks Suite 350
863,Jessica Gardner,77,New Nicholasberg,36965,5935 John Loop
864,Katherine Jenkins,77,Thomasport,48307,1009 William Rapid Apt. 815
865,Melissa Hood,59,New Cynthiaburgh,04447,1104 Nicole Keys Apt. 232
866,Andrew Sanchez,53,West Heatherborough,66609,824 Christian Flats
867,Jason Ryan,64,Davidberg,64167,927 Gail Glen
868,Patricia Cherry,17,Diazside,59233,7608 Timothy Villages
869,Joshua Lara,72,Brookeside,59775,897 Thompson Knoll
870,Kelly White,70,Castroshire,85645,794 Mcdonald Island Suite 622
871,Bradley Kirk,28,Cherylbury,42221,1458 Hall Ramp Apt. 145
872,David Fox,65,West Willieside,95839,922 Cruz Lodge
873,Joseph Collier,72,Robinsonview,39209,3672 Andrews Ramp
874,Sara Bennett,14,East Joshuaton,35939,88193 Cynthia Port Apt. 801
875,Hailey Johnson,72,Davisbury,08179,4362 Scott Rue
876,Keith Orr,76,Zoeberg,25990,08963 Browning Meadows Apt. 198
877,Paula Long,52,North Jaclynstad,41793,1385 Hancock Islands Suite 521
878,Jeffery Green,63,North Chase,79933,77629 Cox Way Apt. 752
879,Gina Sullivan,58,Thomasstad,66671,79596 James Mountain
880,James Bruce DDS,26,East Raymondtown,65378,7431 Adam Flats
881,Brenda Douglas,28,Harrisbury,00551,51584 Thomas Radial
882,Katie Irwin,60,New Samanthaton,62129,74243 Bray Port
883,Thomas Walker,63,North Amanda,47254,3751 Christopher Track
884,Rachel Rogers,57,Greenbury,45504,162 Amber Stream Suite 216
885,Elizabeth West,41,Jennifershire,09826,727 Stephanie Locks Suite 379
886,Michael Lee,50,Murphyfort,16542,63014 White Wall Suite 702
887,Kyle Salazar,23,North Katherine,95682,409 Ortega Brook
888,Sierra Hall,22,Mitchellmouth,38764,12838 Greer Green
889,Sarah Stevens,59,Thomasstad,19122,74383 Hunt Station Apt. 335
890,Sarah Kaiser,43,South Teresa,67223,3489 Williams Roads
891,Joshua Hamilton,45,Webbview,06881,15132 Drake Junctions
892,Mrs. Stacy Brown MD,76,Smithstad,08015,052 Destiny Forges Apt. 723
893,Paul Oliver,55,West Robinton,88669,3035 Malik Shores Apt. 184
894,Jamie Skinner,51,Williammouth,03532,060 Steven Points
895,Megan Moses,48,Peterfort,64022,01251 Christine Harbor Suite 527
896,Richard Sims,70,Port William,79347,416 Michael Lodge
897,Mr. Jeffrey Green,37,Chaneymouth,99260,13368 Hernandez Run Apt. 198
898,Briana Jackson,16,West Tyler,56635,90042 Jackson Station
899,Kristin Murphy,46,Lake Michael,09681,49133 Adam Spring
900,Kimberly Kelly,29,South Jacqueline,20676,6331 Christopher Viaduct Apt. 615
901,Barry Howard,66,South Marc,30212,154 Hill Fields
902,Kevin Alexander,18,Jenningsmouth,70904,7698 Blake Flats Suite 451
903,Kenneth Gregory,46,New David,09483,62146 Roberto Freeway
904,Michael Watson,63,Martinezport,98427,6988 Ian Station Apt. 143
905,Brittney Wong,23,Lake Kevinfurt,66744,8221 Weber Skyway
906,Leslie Olson,31,South Tami,02133,612 Emily Divide
907,Erin Zimmerman,61,Lake Carmen,71859,748 Aguilar Forge
908,Kelly Hughes,20,New David,12032,152 Santiago Station Apt. 724
909,William Garcia,23,Port Michaelville,42467,8562 Johnston Fords
910,Jack Oliver,30,West Waynechester,22071,65432 Hernandez Mission
911,Paul Marshall,74,Port Amyborough,13992,73091 Allison Camp
912,David Edwards,72,West Briannamouth,46523,30888 Crawford Common Suite 877
913,Megan Blankenship,54,East Peterton,23481,91068 James Vista Apt. 984
914,Brandon Ward,72,Vincenthaven,71388,08579 Garza Lakes
915,Manuel Frost,67,Lake Wendy,11312,878 James Orchard Apt. 739
916,Todd Pena,41,East Angelamouth,05476,056 Holmes Well
917,Elizabeth Frank,43,Davidville,38704,644 Tonya Curve
918,Monica Humphrey,44,Munozville,21906,676 Walsh Shoal Suite 259
919,Daniel Moses,44,Wardmouth,77986,1671 Horton Tunnel
920,Sarah Cox,58,West Samanthaberg,98593,57243 Sparks Common Suite 676
921,Roger Leon,52,Duffyport,14358,07512 Nicole Glens
922,Timothy Moran,51,Ingramburgh,59583,67893 Anderson Row
923,Karen Hall,21,Lake Bobby,89992,95117 Johnson Flats Apt. 839
924,Chelsea French DDS,38,South Josestad,29556,987 Andrea Stravenue Apt. 871
925,Lisa Williams,71,Brownberg,60062,610 Thomas Lights Apt. 747
926,Christine Campbell,52,Richardside,67297,3850 Devin Station
927,Kelly Cardenas,50,Lake Erin,43619,18198 Kevin Spurs
928,Brian Reed,66,West Sean,14460,9994 Theodore Brooks
929,Olivia Carpenter,78,Lucaston,43158,55291 Andrew Way Apt. 432
930,Christina Fletcher,21,Lake Justinstad,60576,91011 Reid Stream Suite 793
931,Tina Greer,30,Paigeland,78202,9490 Scott River
932,Lauren Cox,47,Rogersstad,25641,9735 Lopez Port Apt. 303
933,Erin Stewart,58,Mariashire,70869,38551 Coleman Well
934,David Johnson,53,Lake Brooke,85592,6686 Hammond Shores
935,Christopher Irwin,60,Lake Joshua,97940,89284 Joshua Forest Suite 016
936,Craig Gilbert,77,Frenchberg,03022,5045 Juan Plaza Suite 416
937,Holly Mckinney,52,West Donnaton,44088,81241 Jennifer Drive
938,Jasmine Ruiz,14,Mauriceview,19103,4563 Katie Lock
939,Angel Reyes,39,West Heatherbury,08703,789 Goodwin Divide
940,Sarah Smith,56,South Danielfurt,25933,9259 Hansen Circle
941,Kevin Espinoza,78,Danielhaven,89213,4620 Kelly Hollow
942,Stephanie Anderson,15,Smithview,96517,846 Elizabeth Circle Suite 853
943,Shannon Douglas,49,Jamesberg,11921,83312 Jackson Wall
944,Catherine Brown,18,Elizabethview,27885,178 Peter Islands Suite 773
945,Michael Davenport,39,East Angela,39141,53734 Beverly Ford
946,Matthew Ramirez,48,Braunshire,54945,294 Horton Plaza Apt. 257
947,David Morton,50,Lake Diana,95304,33046 Bryant Plaza Suite 231
948,Nicole Jackson,17,East Geraldberg,35068,02846 Arnold Fork Apt. 369
949,Kristi Hardy,73,Sarahton,25163,4823 Kelly Dale
950,James Moore,67,Youngberg,66274,005 Fernandez Path
951,Nicholas Rice,79,Berryland,41480,0145 Velazquez Burg Suite 666
952,Mary Ruiz,43,East Austin,93201,777 Alvarez Course Apt. 440
953,Gina Clark,20,Maryborough,07819,91762 Jordan Forge
954,Michael Flores,68,Larryfurt,03607,003 Caleb Heights
955,Jessica Buckley,23,New Diane,89135,251 Eric Hills Suite 690
956,Taylor Smith,24,Port Audreyfurt,18041,40611 Mercado Trail Suite 010
957,Kelly Russell,51,North Hunter,10716,81147 Clark Forge Suite 305
958,Lindsay Chapman,57,Lake Thomasview,46631,73349 Melody Wells
959,Richard Stanton,69,Josephview,94073,841 Christina Terrace
960,Gary Martin,64,New Jesse,69660,452 Colleen Club
961,Krista Riley,66,South Susanmouth,72167,58744 Tara Branch Apt. 759
962,Joseph Schneider,17,New Danielland,28406,19050 Robert Drive Suite 939
963,Scott Daniel,53,North Nicolebury,72290,3506 David Junctions Apt. 367
964,Julie Morrison,57,Port Lisaview,43107,4221 Green Islands Suite 044
965,Alicia Simmons,69,West Edward,57407,4580 Parker Course Suite 136
966,Andrew Palmer,54,West Audreyside,39161,546 Spencer Roads
967,Alexander Pearson,54,West Davidmouth,95909,684 Hall Mall Suite 400
968,Sara Harris DDS,33,Alvarezborough,45550,0425 Murray Centers Apt. 885
969,Ashlee Mcguire,45,Port Kristachester,48465,67867 Waters Trail
970,Pamela Jackson,16,Port Cynthia,37396,470 Joshua Fords Apt. 261
971,Abigail Rogers,71,Clarkshire,78869,07786 Stephen Rapid Apt. 221
972,Tommy Alexander,71,Fischerview,77704,47057 Cynthia Mall
973,Jennifer Martinez,22,Port Michelle,25528,6816 Seth Lake
974,Gregory Dougherty,48,North Thomasburgh,68178,777 Jon Isle
975,Jessica Hall,40,New Julie,25744,135 Gardner Path
976,Sarah Johnson,26,New Lisa,24014,9483 Nicole Burg Apt. 089
977,Stephen Chavez,52,Langview,89500,139 Earl Stravenue
978,Jonathan Chung,61,West Juliemouth,17874,6548 Stout Tunnel
979,Selena Gomez,23,Juliebury,36138,66240 Maxwell Haven Apt. 202
980,Carol Phillips,40,Jillville,67804,5091 Steven Neck Apt. 674
981,Michelle Barnes,78,Port Andrea,35979,50489 Tanya Ford
982,Andrea Hood,59,Lynchmouth,71374,234 Roberts Springs
983,Susan Harmon,49,Millerville,47215,317 Tina Gateway
984,Matthew Fowler,23,South Leetown,59639,4149 Dean Ramp
985,Kevin Miller,52,Saraport,87086,20806 Lynch Pines Apt. 254
986,Gerald Macdonald,72,Port Danielchester,52775,5250 Bennett Highway
987,Jeanette Robertson,46,Parkstown,26614,9293 Amanda Villages Suite 642
988,Alexander Figueroa,38,Port James,39842,6755 Nichols Alley
989,Keith Atkins,69,Rebeccaport,01561,72005 Martinez Corners Suite 912
990,Helen King,33,Davidborough,88223,4924 Heather Burg
991,Madeline Cruz,58,Hernandezberg,46363,962 Walker Islands Apt. 204
992,Jill Patel,72,New Briannastad,76713,81730 Kelly Place Suite 163
993,Michael Levine,28,Jocelynside,29830,94013 Taylor Terrace Suite 920
994,Douglas Woodward,29,Lake Sean,70171,80957 Freeman Lock Apt. 461
995,Chelsea Roberts,71,Jennifershire,37064,5049 Mendoza Roads
996,Marcus Allen,74,South Clintonton,68297,783 Barrera Brooks
997,Ashley Barker,74,Port Thomas,54049,10846 Myers Dam
998,Ryan Todd,26,Port Stephanie,87000,3232 Cordova Isle
999,Daniel Wade,45,Tatetown,10546,8658 Jonathan Summit
1000,Lauren Aguirre,43,South Erikaview,14713,99538 Nolan Inlet Apt. 089
